{"tree_id": "http://chooseyourstory.com/story/viewer/default.aspx?StoryId=56753", "context": "", "first_story_block": "You wake up, but meh.  Who really cares? \n\n\nYou walk out of your chamber, the giant stone echoes with the sounds of your footsteps.  As you exit the hall you gaze upon the worthless denizens of your humble abode. \n\n\nThey all wander around, asking you your opinions of things, but do you care?  Meh, not really.  Another sound catches your ears.  And from out of some random chamber comes a short girl with orange hair. \n\n\n\"Ah, my cherry pie,\" you say as you kiss her on the forehead.\n\n\n\"Hey, you slept in pretty late!\" She says.\n\n\n\"Meh.\"\n\n\n\"I'm going to go to Cystia today?  Want to join me?\" she asks.\n\n\n\"Meh.\"\n\n\n\"Meh?\" she asks.\n\n\n\"Might stay in Discordina today.\"\n\n\n\"Why?\"\n\n\n\"Eh, don't feel like it.\"\n\n\nAs you continue on, you see more and more people and things you do not care about at all.  Eventually, you make your way down the hall to one of your favorite rooms.\n\n\nThe whirring and clanking of machinery and other things is like music to your ears.  But that's not all.  Ahead, someone covered in scales stands in front of a large machine.  Large and with plenty of metal tubes, each with green liquid running through them.  It is through this invention, and with the help of this green magical essence, you can alter reality itself.  It's called the Deviner, the greatest invention to ever exist.\n\n\nYou step forward to plug yourself in, the large needle like object about to prick through your forehead.  But as you do so, you don't feel the rush of the running green liquid.  In fact all you hear is an odd clunking and churning sound. \n\n\nNothing happens, and you frown. \n\n\n\"Damn it!\" The scaly dragon man says, \"I think something is busted.\"\n\n\nYou rip the needle out and let it dangle where it sits.  The machinery itself seems to have broken down, collapsed and laying defunct.  The dragon man starts gathering pieces of what machinery he can.  Before you can do anything, he stops you.\n\n\n\"I'll work in this stuff, you should go to Cystia and find some of those magic crystals.\"\n\n\n\"Why?\" you ask.\n\n\n\"Not only did the machinery break, it seems the magic crystal over charged, and sent a surge of magic throughout the liquid.  So it broke down the weaker parts of the Deviner.\"\n\n\nYou sigh, one of the few things you gave a shit about. \n\n\nYou walk down the worthless halls, pass all the worthless people, and finally reach one of the worthless carriages.  It seems several of them have taken off anyway.\n\n\nAs you sit down, you slump into the comfy seat you had installed in the carriage.  The worthless guy driving it flicks the reigns, causing the worthless horses to go forward.\n\n\n ", "action_results": [{"action": "Destination", "result": "You finally arrive to the bustling land known as Cystia!  As you drive through the wild lands, you see several guards in armor patrolling along the roads. \n\n\nThese stone roads must be new.  Ahead you see three of the guards chasing some furry creature, landing several arrows in its back as it finally goes down.  The guards stand in the middle of the road, one steps forward and raises a hand.  The carriage grinds to a halt.\n\n\nYou look the window as a guard briskly approaches.\n\n\n\"The roads are dangerous, you shouldn't be traveling alone.\"\n\n\n\"Meh,\" you shrug your shoulders.\n\n\nThe guard sighs, his tired eyes looking blank for a few moments.\n\n\n\"The beast folk roam these lands,\" he says, \"at least allow a couple of our guards to travel with you.\"\n\n\nYou shrug your shoulders, and the guard orders two of his underlings to join you in the carriage.\n\n\nThe ride is uneventful, although there are a few minor sights to see along the way. ", "action_results": [{"action": "Town", "result": "It is about noon by the time the carriage reaches the gates of the civilized lands of Cystia.  A few shouts from the guards over the walls, and the heavy wood and iron gates creak open.  The carriage pulls up to a wooden\u2026shack, where a couple of dirty peasants come out to take care of the horses. \n\n\nYou step out of the carriage, and take a look around.  Hopefully some crystals should be somewhere in Cystia\u2026if not you're going to have to make a hike to a very powerful magic users place.  Not that you can get in there, but you'd have to try.\n\n\nYou have to try and figure something out, otherwise you'll never be able to use the Diviner again!\n\n\nYou go to look around that all this portion of Cystia has to offer.  Now where could those magic crystals be?", "action_results": [{"action": "Lair", "result": "A feeling of intense dread fills you up, making you feel not so warm inside.  You're last trip to this place was\u2026.interesting.  After getting painfully banished you decided to ignore the place and just continue on business as usual. \n\n\nBut you NEED to get these crystals, otherwise what will become of your place in Discorina?\n\n\nIt takes hours, but eventually you make your way past the main city, and through the dirt road.  Ahead, the large and dark castle looms over head.  The ashy clouds spewing a host of rain and lightning strikes viciously at the ground.  The stone walls surrounding the castle appear foreboding, several small watchtowers dot the wall.\n\n\nDark spires stretching upward, the metal spikes on top of them catching some of the lightning bolts.  As you near the wall, you swear you hear something turning and whirring from deep within the castle, amidst the sound of the storm.\n\n\nShivering and trembling you jog over to the castle, hoping you can get what you're looking for, and maybe a place to warm up.\n\n\nThe large wooden gate appears to be shut, you didn't expect it to just be wide open though.  You grab the rope on the side and pull it with all of your might.  The large bell connected to it rings out its horrid tune.\n\n\nAs you stand, soaked and cold, the door slowly opens but just a bit.  Taking a step forward you squint at the opening.\n\n\n\"Who's there?\" a voice says, \"Ford?  Is that you?\"\n\n\n\"Yep,\" you say.\n\n\n\"Ha, you know you're not allowed here.\"\n\n\n\"I'm just here for some magic crystals\u2026nothing else,\" you say.\n\n\n\"I think that would be going against the rules\u2026remember what happened last time you were here?\"\n\n\n\"Can you at least let me in from the cold, please,\" you say, \"wouldn't it be nice?\"\n\n\nThe door opens more, and the source of the voice steps out.  A tall man, hair shaved and clean shaven, he smiles.  But there is something else to that smile, it's not exactly coming from a place of hospitality.\n\n\n\"Sure,\" he chuckles, \"this should be interesting.\"\n\n\n\"Thanks,\" you say as you walk past him.\n\n\nYou enter the tunnel that eventually leads to the door\u2026which you find to be open.  Walking in like you own the place, you take a look around.  The large keep appears empty\u2026as far as you can tell.\n\n\nThe winds of the storm buffets against the castle, it almost obscures the sound of your soft steps as you traverse across the large keep. \n\n\nWandering down the halls, you stop suddenly as you hear something. \n\n\n\"REEEEEEEEEEEEEEEEE!\"\n\n\nShrugging your shoulders you continue, must have just been your imagination.\n\n\nThe halls twist and wind, and you feel as lost as ever.  How did you ever navigate this place in the short time you had spent here?\n\n\nThat darn Sorceress must be around here somewhere, she must have some magic crystals.  But where could she be?", "action_results": [{"action": "Spire", "result": "You start with the most obvious place, the spire that she lives in.  As you pass a few rooms, you hear a strange sound coming from one of them\u2026meh. You continue on, not caring about what is very likely one of the many strange noises you will be hearing tonight.\n\n\nAfter going up several sets of stairs, you come to one that narrows and\u2026.spirals as you go up it.  After several minutes you find yourself at the top, amidst a huge library.  You walk through the place, eerily quiet.\n\n\n\"Ax\u2026Ax!\" you shout.\n\n\nNothing.  Eventually you find a bed, a desk, and some table meant to magic things or whatever it is she does.  Having no interest in anything that could be stashed in here, you continue on your way.\n\n\nWhere else could you look?", "action_results": [null]}, {"action": "Garden", "result": "You go to the interior garden, flowing with life, plants, some animals, the place is huge.  You look around, and as you call out don't see anyone.  Guess you'll have to look elsewhere.", "action_results": [null]}, {"action": "Kitchen", "result": "Ah, that\u2019s right, it must be dinner time!  After spending several more long and grueling minutes trying to remember your way around the place, you pass through some of the halls until you find the kitchens. \n\n\nAnd what a smell that greets you!  Someone is cooking up some good shit!\n\n\nAs you enter the large dinner hall, the near empty place seems somewhat startling.  As you get closer to the trio, you see one woman holding several chickens in her arms and softly whispering to them. \n\n\n\"Who are you?\" you ask.\n\n\n\"It's simple\u2026I'm Sabley,\" she says before going back to the most precious chickens.\n\n\nThe second person you see is some girl with little snakes for hair, and her eyes\u2026.by God her eyes\u2026you stare with horror into the empty void that was her eye sockets, as you do so a little beetle crawls out of one of them, takes a shit on her eyebrow, and goes back inside.", "action_results": [{"action": "Stare into the Void", "result": "As you stare into the gaping chasms, you think you see something flickering within, it is a quick flash of red\u2026then it is gone.  As you keep staring the darkness seems to seep out of them and take over your vision.  You tremble and shutter and fall to the floor\u2026\n\n\nTime...time loops...", "action_results": [null]}, {"action": "Ask where Axiom is", "result": "\"Where is Axiom?\" you ask.\n\n\nMisjudging the sound, the blind freak turns towards the empty wall. \n\n\n\"Last I saw, she went down to the dungeon,\" she says patting the chair next to her, \"don't worry, you'll find her soon enough.\"\n\n\n\"Thanks,\" you say.\n\n\nShe turns to you.\n\n\n\"I wasn't talking to you,\" she says turning back to the chair once again, \"some people, no respect for private conversations.\"\n\n\nShe shakes her head in disgust and begins going into detailed instructions of where the dungeon could be.\n\n\n\"Well, our friend Corgi could take you there,\" Sabley says, \"he knows where the dungeon is, don't you Corgi?\"\n\n\nYou hadn't really paid attention to, or noticed the third person in the trio.  By your feet sits a little dog, its short fur pasted and matted with\u2026you don't really want to know what.  The dogs tongue perpetually hangs out from the side of its mouth, and as it stares at you, its left eye seems shift to the left.  Its pupil almost hides within its eye socket.\n\n\n\"Oh, I think he is trying to point towards the door.\"\n\n\nYou look in the direction of the eye to see the door you came from.\n\n\n\"He wants you to show him where the dungeon is, can you do that?\" Sabley asks.\n\n\n\"Daaaargh!\" Corgi shouts and vigorously shakes his head up and down.\n\n\nIn a moment he briskly walks over to the door, his little feet making padding sounds.  You have no choice but to follow it at this point.\n\n\nThe dog sits by the door and waits for you to catch up before continuing.", "action_results": [{"action": "Dungeon", "result": "After some time, the dog sits in front of a large stair case.  He sits and faces you, his left eye rolling into the back of his head, presumably to point at the stairs right behind him.  As you walk down the stairs you almost don't notice the dog following right behind you.\n\n\nYou finally reach the long and dark corridors.  As you walk past multiple cells, you see a demented looking furry man sitting in a cage with a giant lizard.  They roll a ball back and forth, the furry man just repeats \"Jibble\" over and over again, drool coming out the side of his mouth.\n\n\nWith shivers going down your spine, you continue on, not wanting to know what sick degeneracy this will turn into.  Along the way, you hear a giant Uuuuurp! and peer into the cell it came from.\n\n\nMaterializing from the shadows is a large, ugly\u2026.Ogre!  The good natured being waves and smiles at you.\n\n\n\"Didn't expect to see you here!\" he says.\n\n\nNot caring you shrug your shoulders and continue on, the Ogre cares even less and goes back to scratching his ass or whatever it is ogres do. \n\n\nEventually you find your way to a break in the wall, bricks lay on the ground, and moss grows along the walls of the cave that gives way.\n\n\n\"Dar!\" Corgi shouts and his eye points to the cave.", "action_results": [{"action": "Cave", "result": "You enter the dark cave, and after a few minutes of feeling around curse yourself for not thinking to grab a torch from the wall.  Eventually though, a light emanates from up ahead.  Surely she is hanging out over here.\n\n\nThe torchlight almost blinds you as you step out.  The cave expands out to a huge cave system, filled with thousands of glowing plants and mushrooms of various sorts.  About halfway across is what appears to be a river running out to the ocean.  A small dock sits empty, as a lonely lamp on a post shines bright.\n\n\nA small campfire burns, with several log benches surrounding it.  Two figures sit around it, small green glowing things in their hands.  You nonchalantly walk up to the campfire, the dog goes and crawls into some makeshift dog house not too far away.\n\n\nSitting on each side of the fire are Malk and Steve.  The first wearing a pink tutu, and a regular fur shirt above that, he sees you eyeing the tutu.\n\n\n\"What?\" Malk says, \"it's a joke.\"\n\n\n\"Whatever you say,\" you say, \"have either of you seen Axiom?\"\n\n\n\"Just missed her, I'm afraid,\" Steve says, \"hey, do you want to sit with us for a while?\"\n\n\nYou start to shrug your shoulders.\n\n\n\"You should warm up,\" Steve says, \"you look soaked.\"\n\n\nYou decide to sit and humor them for a while, besides, the fire is quite warm.  Steve points to the small dock.\n\n\n\"Axiom took that boat not two hours ago,\" Steve says, \"no idea why she would in a storm like this.\"\n\n\nYou look to the empty dock once again, before looking down to the dark abyss that is the cave system.\n\n\n\"These caves extend much further out than any of us would have imagined,\" Steve says, \"what lies in the depths is any ones guess.\"\n\n\n\"As long as she didn\u2019t go too far into them,\" you say, \"although she would probably know them  better than anyone else.\"\n\n\n\"No, she went to the ocean,\" Steve says, \"although she does traverse the caves often enough.\"\n\n\n\"Eh, she'll be fine,\" Malk says, \"hey Ford, want to try one of these?\"\n\n\nMalk extends his hand, revealing a glowing green mushroom, and a dark red plant in his palm.\n\n\n\"These will have you up in the clouds for days, man,\" Malk says, \"shit's good.\"\n\n\n\"What exactly is it?\" you ask.\n\n\n\"Some kind of mushrooms,\" he says.", "action_results": [{"action": "Don't Eat the Mushrooms", "result": "\"Eh, no I'm good,\" you say.\n\n\n\"What? Why not, man?\" Malks asks.\n\n\n\"I just don't trust any old thing-\"\n\n\n\"Bah, whatever.\" Malk says as he jams the mushroom in his mouth, and seems to take too much pleasure in chewing it up and swallowing it\u2026especially the swallowing.\n\n\nHis eyes roll up into the back of his head a moment and then he grins as they roll back into place.  His glazed eyes have a faraway look, and drool starts to drip from his mouth.  Glancing back, you notice Steve seems to have ingested the mysterious mushrooms as well, he stares at the ceiling.\n\n\n\"Whuuuuh,\" Steve says, \"look at you, you sexy thing.\"", "action_results": [{"action": "Continue", "result": "You decide it would be best to wait around for a while, no use in going out and getting lost.  As you wait, Steve and Malk seem to have ingested more of the mushrooms. \n\n\nMalk stands up and starts twirling like a pretty ballerina, and Steve starts dancing some king of Irish jig.  In their minds they probably look like professional dancers\u2026to you they look like a couple of idiots sloppily flailing around. \n\n\nMalk grabs your hands and starts trying to dance with you\u2026..fuck it!  You join in and spin him around right before dipping him, and throwing him in the air and catching him.\n\n\nHe brings his lips close to yours, and you turn away in time to get a big, wet, sloppy smooch on the cheek.  Cringing you drop him and step away.\n\n\n\"Too far?\" Malk grins as he snorts something else and starts hopping around like a frog.\n\n\nYou see Steve take out some paper and begin to furiously scribble on it.\n\n\nYou turn and scratch your head, wondering what exactly you have gotten yourself into.  Malk hops up and tries to do the same jig he saw Steve do earlier, but only more horrible and sloppy.\n\n\nMalk belts out a song as he dances, at one point almost falling into the fire, but you catch him and pull him away.  He doesn't even realize and continues what he is doing.\n\n\nHe kneels down and picks up the red plant.\n\n\n\"I've never tried this one before\u2026\" Malk looks at Steve, \"let's try it boy-o.\"\n\n\nSteve looks up, already having several large books filled up with his writing.  That was fast.\n\n\n\"Indeed, my friend, indeed we shall,\" Steve stands up and takes a plant, \"hmm, not sure if we should\u2026\"\n\n\n\"Bah! Nonsense!\" Malk says, \"man, I could really go for some pie right now.\"\n\n\n\"Ughh,\" Steve's face coils up into disgust.\n\n\n\"I absolutely hate pie,\" Steve says.\n\n\n\"Eh, you can help me make it then,\" Malk says.\n\n\nSteve shrugs as he and Malk begin to crush up parts of the red plant, and rolling it up in some leaves.  After lighting it up using the camp fire, they smoke the crap out of that thing.  They're eyes becoming red as smoke fills the immediate area.\n\n\nAfter some time you start to feel a bit woozy\u2026too much smoke around you.  As you sit, Malk giggles and points at you.  Steve laughs his ass off and almost falls out of the log bench.\n\n\n\"Man, I hate pie,\" Steve says, \"but I sure could use some.\"\n\n\n\"Haha fuck, fuck, fuck fuck!\" Malk screams, \"I have a great fucking idea!\"\n\n\nBefore anyone can say anything, Malk leaps up and grabs you by the collar.  His eyes start to glow red like the red plant, and so do Steve's eyes. Both giggling they drag you up the cave, even while you kick and protest.\n\n\n\"Man, this will be so funny,\" Malk says, \"hah\u2026fuck\u2026best joke ever\u2026\"\n\n\nYou open your mouth to try to speak, but Malk turns and vomits up some green, glowing liquid, it fills your mouth and you sputter and choke. \n\n\n\"Ergh! Fuck!\" you scream.", "action_results": [{"action": "Baked and Baking", "result": "The two high motherfuckers throw you onto the table in the kitchen.\n\n\n\"Wha-what are you guys doi-\" you say.\n\n\n\"Shut the fuck up! It's okay,\" Malk says as he strokes your hair, \"it'll be fun, you'll love it!\"\n\n\nA sound grabs your attention, and you turn your head.  A man with two sharp horns and pinkish red skin, enters.\n\n\n\"Karstark! Er- Lord Karstark!\" Malk says, \"you're just in time, want to help?\"\n\n\n\"Sure\u2026suuuure,\" Karstark grins and laughs evilly as he rubs his hands together, \"what are we doing?\"\n\n\n\"You'll find out,\" Steve snaps and shakes his head, and he and Malk each glance at each other and shake their heads at Karstarks foolishness, a thing only known to them.\n\n\nAs you turn to look at Malk, you scream as an axe blade buries into your face.  Another whack and your eye pops out of your head, miraculously you're still able to see Steve preparing a little silver tray.\n\n\nKarstark steps forward and before you know it, he is sawing your arm off, and drinking the blood of your severed arm.\n\n\nYou cough and sputter blood as you start to fall off the table, and Malk hoists you up back onto it with surprising strength.  He scolds Kar for drinking your blood, and your vision goes dark as they continue to hack you up\u2026.", "action_results": [{"action": "Wake Up", "result": "In the inner recesses of your consciousness, you feel an extreme heat burning up your body.  You try to scream but can't just yet.  You feel something moving though, must be your mouth.\n\n\nA grating sound grinds against your ears, and you cringe as a gloved hand grabs you and pulls you from the searing heat.  You suck in a fresh gasp of air, and the two faces above you gasp and place you on the table.\n\n\nA third one comes into view as they all stare at you in horror\u2026you recognize these faces\u2026you're sure of it.  As you are placed, more like thrown on the table.  You feel a jolt of something course through you\u2026and you remember.\n\n\nYou remember fleeting bits of pain as these high as mother fuckers chopped you up. \n\n\n\"What did we do?\" Steve asks.\n\n\nThe trio looks at each other, Karstark, being a demon, just laughs.  Malk and Steve pick you up and hurriedly make their way to the sewage grates.\n\n\n\"Sorry man,\" Malk says, \"we're not sure what else to do.\"\n\n\n\"Wait!\" Steve says.\n\n\nBut it's too late, you've been dropped in the drain and swirl in the stream of nasty, shitty, sewage water\u2026", "action_results": [{"action": "Swirls and Shit", "result": "Pain\u2026true pain\u2026something stabs at the edge of your consciousness.  No wait\u2026\n\n\nYour eyes snap open, your shit and filth covered body reverberating as something slams into it\u2026again and again.  As the feces float out of your vision, you are accosted by the horrible sight of one of the beast people!\n\n\nIt's little fuzzy pole jamming in and out of one of the many openings in your body.  Your mouth gapes wide and excretes a foul, smelly, green liquid, covering the Rat Man!  It screams as the acidic taste burns its flesh, and it hops into the squishy log filled waters in an attempt to wash off the liquid\u2026bad idea. \n\n\nIt screams from the pain of all the horrible bodily fluids and excrements entering its open wounds.  And unable to handle the pain, it goes under and opens its mouth, swallowing as much as it can in a strange act of self mercy killing.\n\n\nYou groan in pain, and realize you can't\u2026but wait.  A tentacle slowly emerges from your body slowly snaking on the stone walkway.  Green glowing liquid seeps off of it and the tentacle crawls\u2026but it twitches as well.\n\n\nAfter some straining and braining, you eventually learn you can control it! The rat-man cum and magic ooze must have somehow combined to give you these extraordinary powers!\n\n\nYour silver tray scrapes across the stone walkway as you grow another tentacle to pull yourself across\u2026uggh, so damn slow.\n\n\nSome squeaks meet your ears, and you look over, to see several rat-men approaching, armed with rusty swords and spears.  One of them, the apparent leader watches you intently, his paw on resting on the sword sheathed at his side.\n\n\nTwo of the rats approach, one armed with a little club, and another with a spear.  The one with the spear pokes at you a bit, and you see one further back licking their lips.  The leader calls out to the rats in their language, and the one who was poking at you shrugs and seems to dismiss him.  These rats are bothering you, and pose a great threat\u2026but you get an idea.  A way to get more power\u2026", "action_results": [{"action": "Eat One", "result": "You lash your tentacles forth, one yanking the spear from the rat, and the other coiling around his neck and pulling him closer to you.  As you try to eat him, he squeaks in fear and plants his paws on either side of you, pushing away with all his might. \n\n\nAs he manages to pull away a bit, the other rat leaps forward, slamming the iron end of his mace down onto you.  The cherries and human flesh inside of you splats on the stone, as everything feels fuzzy.  A few of your teeth fall out, and the last thing you see is the rat raising the mace against you for the last time\u2026.", "action_results": []}, {"action": "Spit Acid Goop", "result": "Your eyes widen as does your mouth, as the acidic vomit leaves your face, the rat yelp in surprise.  Their flesh sizzles as the spear wielders leg burns to the bone, and he falls to the ground.  The other rat holds his face and writhes out in agony before falling still.  You lunge forward your tentacles, grabbing the surviving rat-man of the two and drag him closer.  You munch and chew on him as you fit the whole rat-man in your mouth.\n\n\nYou feel a burst of energy coursing through you, and the silver tray falls out from under you as you gain mass and power.  Smirking evilly you lash out your tentacles once again, growing more as you do so.\n\n\nYou strike one in the face, sending him against the stone wall, his skull cracking against it.  He slumps down in a pitiful heap.  The next one you wrap a tentacle around his ankle and force him into the shitty waters about a foot below him, sending another tentacle down to keep him under.\n\n\nThe leader of the rat-men and his last two appear at a loss as to what to do.  You leap forward, jamming a couple tentacles down one of their throats, and coiling around his wrist to stop him from reaching for his sword.\n\n\nThe leader hops back as you shoot a tentacle around his other friends neck.  Your mouth opens wide, and you gargle some of the green acid before shooting it at the trio.  With surprising speed the leader chops through the one tentacle around one of his friends neck with his rusty sword.  They spin as he tackles him into the fece filled water just in time to avoid the acid!\n\n\nUnfortunately there was nothing he could for the other rat-man, fortunately for you.  You finish him off, and proceed to consume the corpses.  You watch as the rat-man leader and his only surviving friend stare in horror as they let the current carry them somewhere safe.\n\n\nYou're not worried about them, you have what you need. ", "action_results": [{"action": "Growth and Revenge", "result": "Now that you have grown in power as well as size, it is time to exact your revenge!  Your three potential targets won't be too easy at all.  The first, and perhaps the easiest to get to might be Karstark.  While you will have to worry about his entourage of demons, they don't seem like too much of a threat.  You will have to travel a fair way to the demon infested shit areas of Cystia, but shit, with your appearance they will probably think you are one of them.\n\n\nThe next possible target is Steve.  He shouldn't be too hard to find, especially if you start looking now, before he sails off somewhere again.  Shit, you might even be able to get him and Malk in one fell swoop.  The only thing about him is that he is a tenacious bastard, he will not go too easily.  You've seen his alcohol fueled duels against some of the beast people and other members of the land. \n\n\nThen there is Malk, who will likely be most on his guard.  You'll have to try and catch him when he is high or drunk, as he won't have too good coordination like Steve.  The issue with him is that if he channels his berserker rage you're probably fucked.  Might have to sneak up on him when it comes time to get your revenge on him.\n\n\nYou sincerely hope none of the other villains get in your way, which is always a possibility.  You will just have to cross that bridge when you get there.\n\n\nSeems like Karstark will may be the easiest, so you'll start with him.", "action_results": [{"action": "Karstark", "result": "Well, you'll have to go with the weakest link first.  Besides, he was the only one completely sober when they chopped you up and baked you into a pie.  That bastard.  Being the large sack of pie that you are, you roll your way out of the sewers, careful to evade any of the large groups of rat people looking for you.  You do travel by the sewers though, and the going is easier when you get out of rat territory.\n\n\nYou come across all manner of freaks and beasts in the sewer systems, which span for miles and miles.  A few times you even get someone to guide your toward Lord Karstark's little territory. \n\n\nYour current guide, some Nuub named Lord Shark points up to a ladder.  Apparently these two Lords have been feuding for a while now, so of course he would be happy to help you! \n\n\nYou're about to make your way up when he holds up a hand.\n\n\n\"Hey, so this ladder should lead right into the middle of his camp, in a not so open place of course,\" Lord Shark says, \"but if you go a little more up that way, there should be a pipe that leads somewhere else in his camp.\"\n\n\nShark looks around before continuing.\n\n\n\"I can't say for sure where it goes but it couldn't hurt to check it out.\"\n\n\n\"Thanks,\" you say, \"I appreciate the assistance.\"", "action_results": [{"action": "ladder", "result": "You climb up the ladder, open the hatch, and find yourself smack in the middle of Karstark's camp just as you expected.  You look around, several demons are just milling about.  While demons should be inherently scary, they don't seem like anything a human pie couldn't handle. ", "action_results": [{"action": "Stealth", "result": "You decide to play this as quietly as a pie that needs to roll and slither about can.  Somehow, you manage to make it across the fort ruins, evading drunken \"patrols\" and such.  Rolling past all the tents, you eventually find who you're looking for. \n\n\nSitting on an outhouse potty\u2026without the outhouse, is Lord Karstark.  His nose buried in some a story by one, who goes by the name of queenlatifa04, with the lowest rated book, presumably about to be turned into toilet paper.\n\n\nYou send your tentacle forth, stabbing through the shitty (or soon to be shitty paper) and the tentacle slams right through his chest.  Karstark's mouth gapes and quivers.\n\n\n\"Y-y-you\u2026.I remember you\u2026\" Karstark says.\n\n\n\"I would assume so, you just turned me into a pie,\" you say.\n\n\n\"That was\u2026months ago\u2026\" Karstark says before is head droops down and shpfoooooooouuuutt his legs jerk upwards as his bowels empty.\n\n\nYou remove your bloody tentacle, admiring the sharp end on this one.  You didn't even know you could do that, must have been instinct.  Well, that was surprisingly easy.\n\n\nYou slither off and evade the camp guards once again, making your way back to the sewers.", "action_results": [{"action": "Steve", "result": "Once again, you reach the lands of Cystia, but damn have the sewers gone to hell! There seems to have been a surge of rat and beast people down here in general.  The rat-men seem to have think the villains sent you down there to attack them, and the rest are just taking advantage of the opportunity.\n\n\nYou try to be as sneaky as possible, snacking on a couple unfortunates to keep up your strength.  The rats are dumb, which works in your favor, but they seem to have riled up the guards.  It takes days to sneak past the patrols and fenced off portions of the sewers, they have this shit on lock down!\n\n\nYou finally are within range of the castle.  The guards are heavy over here, but it seems that the beast people have breached their defenses where it counts.  Their sheer numbers are not helping things either.  Among all the chaos, a group of three stand out to you.\n\n\nThe first, some kind of bad ass with a Viking helmet and twin axes, and the most epic beard in history.  He tears into the scum, giving them what for.\n\n\nThe second, tall and wearing some kind of silver armor, wields a mighty mace.  The coiling engraved designs on his armor serve no real purpose, but they look cool.  His helmet designed to reflect all but the most serious blows, the visor itself appearing as the face of a snake.  The fangs protruding on either end, and the large gaping mouth offering him a place to see the battle from.\n\n\nThe third is a true terror, causing some of the beast people to visibly shake in fear as they try to withstand his awesome power.  His odd shaped helmet coming around to form a beak of some sort, he swings his mighty hammer.  Sending multiple beast people flying at a time, every hit causing some king of magic spark.\n\n\nThe random guards standing around them try to stay out of their way other than making sure the beast people don't surround them.  There are even some demons here, presumably from Karstark's little territory.\n\n\nYou watch all the chaos, eventually (and painstakingly slow) make your way closer, hiding in the shadows.  Close enough to hear the trio talking amidst the chaos.  Some Fox boi hops forward, nicking the Viking's exposed flesh.  But the one with the snake armor makes the fox regret it, pummeling him down to a pulp.\n\n\n\"Don't die on us!\" hammer says, \"you still gotta finish Bucky's contest!\"\n\n\n\"That's right\u2026I do,\" the Viking says staring blankly at the floor, \"that's a lot of writing\u2026.\"\n\n\nThe Viking looks at his two companions, \"Remember me.\" He roars and bursts forth, the hammer tries to grab onto him but it's too late.  In a twirling rage he slices and chops his way through the hordes, taking several injuries as he goes.\n\n\n\"Romulus! Nooo!\" the hammer cries out.\n\n\nWithin moments the one known as Romulus goes down in his glorious Viking fury.  Even the hordes of beast people proved too much.\n\n\nWait\u2026Romulus?  You know him, and the other two?\n\n\nYou squint your pie eyes, ahh yes.  You wouldn't recognize them in this get up, but now you're sure who they are.  The one with the hammer\u2026that's definitely Berka, doubtful he would let someone borrow his hammer to smite the hordes.\n\n\nAnd the snake armor\u2026.Steve!  Who else could it be?", "action_results": [{"action": "Strike Now", "result": "You slither up a bit, and prepare to pounce! Letting out an unearthly roar, you soar through the air.  Several beast people, and guards alike all stare mouths gaping, as this pudgy pie person flies.  Steve reels back in surprise and Berka rolls out of the way, but he rolls too far\u2026and right into the middle of the beasts ranks!\n\n\nYou catch a glimpse of them all surrounding and piling on top of him.  Unfortunate, but with him out of the way no one can stop you from getting to your real target.\n\n\nYour tentacle flies directly for his face, he raises his arm, and you manage to coil it around his arm and pull.  He pulls back, even looping the tentacle around his wrist and gripping onto it with his hand. \n\n\nThe struggle is real\u2026but you sick your other tentacles on him! You nearly pierce through his armor, but then you hear a shout to your side.  You look over with your weird pie eyes, and to your horror\u2026Berka emerges from the horde!  Several beast people fly through the air as he forces his way out, swinging that hammer like a retarded kid with a stick (only way cooler), he fights his way back over.\n\n\nHe raises the hammer and jumps forward, bringing the thing down on you.\n\n\n\"Cuuurse yoouuuuuu!\" you scream as the hammer crushes the shit out of you, and bits of cherry pie and human flesh squirt out.\n\n\nWhat happens after banishment? Shit who knows, all anyone does know, is that that\u2019s the end of the story of The Pie.", "action_results": []}, {"action": "Infiltrate", "result": "You slither away from the fight, attacking now would be suicide.  Fortunately you manage to sneak your way into the castle, finding one of the many hidden avenues allowing entrance. \n\n\nNow having infiltrated you must wait\u2026\n\n\nHours later, you see an exhausted group of armored people leaving the sewers, leaving some guards to watch the barricaded entryway.  Steve seems to separate from the group, and from the shadows you follow him.  He walks through some nondescript door, and you wait for what seems like an eternity.\n\n\nEventually he comes out, all cleaned up and in a tuxedo?  You shrug this off, as you do not care why Steve would wear a most ridiculous thing.  He walks down a hall, making his way toward\u2026the dungeons. \n\n\nNot surprisingly he enters the cave and continues\u2026perfect, you can get Steve and Malk in one attack!\n\n\nYou are sad to find that the fire is burnt out, and that Malk is nowhere to be present.  Steve hops into the boat and rows it down through the cave system.  You slither into the waters, knowing you'll be able to keep up just fine. \n\n\nThrough muffled waters you hear Steve singing some kind of sailor shanties, but you don't care, not that you can hear anyways.\n\n\nYour only thought right now is of sweet, sweet revenge!", "action_results": [{"action": "Revenge of Pie", "result": "Steve pulls the boat up onto the floor of the cave, wiping his brow with his arm, he lights another torch and walks into the darkness.  You are quick to follow, sticking to the shadows, your tentacles practically trembling with\u2026.anticipation\u2026\n\n\nShuddering, you can't contain yourself\u2026your tentacle just has to be inside him!\n\n\nMaking some questionable sounds, you fling yourself forward.  Steve looks behind him just in time to dodge by tripping over his own foot and then stumbling away.  You pursue him like some horror movie freak, until finally you find yourself in a clearing.\n\n\nA semi circle of people in maroon robes stop mid chant and all just stare at you. \n\n\n\"Help!\" Steve shouts to them, \"this freaky thing is after me!\"\n\n\nThey start to grab some weapons when the runes they are standing around begin to glow.  They glow and magic slowly seeps out of them, and gathers into an orb of energy above them.  It slams directly into you, piercing through every fiber of your being.  Screams not of this universe ring in your weird pie ears, ripping your mind and gnawing at the very essence of your soul.\n\n\nThe cultists all stand, mouths gaping in shock, before they all kneel down in front of you. \n\n\n\"What are you doing?\" Steve says, \"kill it!\"\n\n\nThe apparent leader of the cultists smiles from under his hood.\n\n\n\"Can't you see Steve,\" he says, \"this is the immortal being we've been trying to summon, and it seems that it wants you as the sacrifice.\"\n\n\nSteve shudders as the cultists surround him, kicking the back of his knee and forcing him down.  Your quarry sits on his knees, while the lead cultist draws a wicked silver dagger.  Holding it dangerously close to Steve's neck, but not quite at his throat.\n\n\nSteve starts to sweat profusely as the cultist waves the knife around like a butcher with a meat cleaver. \n\n\n\"Oh, Immortal One,\" the cultist says, \"may I have the honor of preparing the sacrifice for you?\"", "action_results": [{"action": "Yes", "result": "The cultist sighs, and gives Steve an empathetic pat on the shoulder.\n\n\n\"Sorry, this is just the way it has to be sometimes,\" he says, \"you're doing your lord a great service.\"\n\n\nThe knife flutters in his hand, a large glob of sweat dropping off Steve's chin.  In a moment his mouth engulfs the cultists hand, he grabs the knife from his hand and twists the lead cultists arm, throwing him over his shoulder. \n\n\nHe spins and tackles two of the others in a whirlwind, managing to roll away before the others can grab him.  The lead cultist nurses his arm and hand, while one of the guys who was tackled rips the dagger out of his unfortunate friend.\n\n\nYou slither your way forward, while the lead cultist barks orders at the others who try and fail miserably to catch Steve.  He climbs around the large altar, dipping and dodging as he tries to make his escape.  Luckily you should be able to climb faster with your tentacles\u2026your smirk.\n\n\nYou spring forth and up, nearly catching up to him when he ducks into\u2026a secret tunnel.", "action_results": [{"action": "Secret Tunnel", "result": "You bounce through the tunnel, almost catching up to Steve.  He barely dodges your tentacles, as they get erect and come right at him.\n\n\nSteve slides to a stop, nearly falling off the cliff face.  He makes an attempt to climb off to the side, but you finally push your large, thick, tentacle pushing into his flesh.  Steve cries in agony as the tentacle jams through his shoulder. \n\n\nHe rips it out and makes a run for it, but you whip him in the back of the head, he falls.  As you stand (ha! not really because you\u2019re a fat pie) you prepare the final blow. \n\n\nAs you lash, Steve rolls out of the way, his hand gripping the ledge.  He grunts and tries to pull himself up, but you coil your tentacle around his wrist.  You slowly lift him up, and grin as you lick his lips.  Steve stares in horror as you open your gaping maw and pull him ever closer-\n\n\nYou taste literal shit as his foot slams into your face, you almost fall over, and Steve falls from your view.  But you feel something pulling down on one of your tentacles.\n\n\nLooking down the precipice, you see Steve dangling onto your tentacle, his shoulder now bleeding profusely.\n\n\nYou lash a tentacle down, slamming him face first into the rock face. \n\n\n\"Argh shit\u2026\" Steve says, \"fuck yourself you giant fucking cunt\"\n\n\nYou gaze down at Steve's broken and bloody nose, and let go.  He falls screaming as he disappears into the abyss.\n\n\nYou grin, you couldn't eat him, but you'll rest easy knowing you have your revenge.\n\n\nNow\u2026for Malk.", "action_results": [{"action": "Malk", "result": "Now for the final bit of your vengeance.  Now with superior confidence, you roam the halls of the villain lair. \n\n\nThe slits of the window let in bright rays.  The night, now having turned to day, does nothing to dissipate the horror to come.  Barging into the keep, you look around with your weird pie eyes. \n\n\nWith your weird pie hand you point, slowly and creepily to Malk.\n\n\n\"Maaaaaalk\u2026\" you say.\n\n\nHalf the villains at the table stand up in surprise and shock at the weird freakish abomination before them.  Malk's face turns white as he stares at you.\n\n\n\"Y-you,\" Malk says, \"hey Ford, what's up buddy?\"\n\n\nJust as he says, this, a dark figure enters the room.  Cold shivers run through your body, he must have heard the last part of Malk's sentence because he face palms.\n\n\n\"What the FUCK!?\" he says, \"who the hell turned Ford into a pie?\"\n\n\nMalk is about to speak when he is cut off.\n\n\n\"Fuck it!\" he says, \"I don't even want to know why or how, deal with your own mess.\"\n\n\nThe Lordy of the End goes and stands on the other side of the room, where he starts poking a zombie with a stick.\n\n\nYou growl like a rabid cunt and leap after Malk, he manages to dodge out of the way as you crash through the table.\n\n\n\"Malk,\" you say, \"just deal with your consequences\u2026I'll have my reveeeeenge!\"\n\n\nYour hoarse voice carries across the room.  And you charge forward, the villains try to dodge or get in your way.  They all face the consequences and suffer dearly, you lash out at all of them.\n\n\n\"REEEE\" one cries out in pain as you throw him into a chair.\n\n\nAs you push one lady around, a rooster jumps to her defense, but you devour it like the filthy animal you are.\n\n\n\"Holy shit,\" the Bringer of Cold says, \"relax, man!\"\n\n\nYou ignore the most dangerous guy in the room and keep attacking.  You try to get to Malk, but he grabs a couple of axes from some chest, and tries to muster up his berserker rage. \n\n\nYou slam your tentacles into Malk, slashing and gashing him, before tossing him to the ground.   His axes clatter to the floor as you slowly push one tentacle into his leg, enjoying his cries of pain.\n\n\nYou lift your weird hand, but in a flash of silver it falls to the floor.  Your mouth quivers as pain shoots through you.\n\n\nStanding near\u2026.is no one else but Steve!  His shoulder and face fucked up, and his leg twisted awkwardly. \n\n\n\"That fall\u2026wasn't\u2026as big as it looked\u2026\" Steve almost crumples to the floor in pain.\n\n\nA darkness clouds the room, the slender Lord of Death makes his way over, his wicked blade in hand.  Nethernear flashes as it is hungry for souls.\n\n\nYou have no choice, you need a hostage.", "action_results": [{"action": "Steve", "result": "You use your tentacles to drag Steve off the floor, and hold him up.\n\n\nThe dark robed man shrugs his shoulders and tosses the sword, which Steve actually catches in his condition.  He screams and arcs it over his head, burying it into the top of your pie body.\n\n\nPain shoots through you\u2026and you feel your soul being sucked right out of you.  The last thing you see as it all fades to black is Steve falling, and laughing in relief as he tries to nurse his leg.", "action_results": []}, {"action": "Malk", "result": "You use your tentacles and grab Malk, holding him in front of you.  The dark robed man throws the sword, and it buries right next to you.\n\n\nBefore you can do anything, he lifts a hand, a bolt of magic bursting forth and blasting a hole right through Malk\u2026and yourself.\n\n\nYou fall, your whole weird pie body feeling numb.  The last thing you see is Malk coughing up blood as your vision slowly fades.", "action_results": []}, {"action": "Blindy", "result": "You grab the blind girl, who happened to be standing close by.  The dark robed man throws the sword down, his hand shaking in rage.\n\n\n\"Huge mistake.\"\n\n\nBefore you can do anything else, his hand lifts, a huge burst of energy flying from his hand.  The blind girl is too short to absorb the blast, so you get a full face full of the dark robed man's force.\n\n\nYou fall in pain as your whole body slowly eviscerates, the last thing you see is the blind girl trying to kick you while your down but hitting Steve in the nuts instead\u2026\n\n\n ", "action_results": []}]}]}]}, {"action": "Save him for me", "result": "The cultist sighs and gives Steve and empathetic pat on the back.\n\n\n\"Sorry Steve, it just has to be this way,\" he says, \"you're doing us all a great service.\"\n\n\nThe cultist leader grabs Steve by the collar, about to throw him forward.  Your tentacles flap excitedly, some of the tips getting sharper the closer he drags Steve to you.  By now drops of sweat are dripping from Steve's chin.\n\n\nSteve grabs the cultist by the arm and throws him over his shoulder with surprising force.  Managing to yank the dagger from his hand, he dives into a few of the cultists.  Your foe makes a mad dash for the large altar, burying the dagger in a cultist that gets in his way. \n\n\nSteve climbs his way up the altar, dodging the cultists as they chase after him.  The lead cultist barks orders as he nurses his fucked up arm. \n\n\nYou'll be able to climb up much faster than them using\u2026your tentacles.  You smirk and rapidly climb your way up.\n\n\nAs you make it to the top, Steve ducks into a hidden tunnel.", "action_results": [null]}]}]}]}]}, {"action": "Blazing", "result": "You roll out from the cracked and crumbling walls you came up between.  The two guards are visibly spooked gasp  and Oh meh Lardy! are what you hear as you shoot your tentacles at them.  Slamming their thick ass skulls repeatedly until they are practically making out while also being able to taste each other's bits of gore and flesh.\n\n\nThe sounds attract the rest of the camp, you feel pain as one of the smaller demons flies by and rakes you with his claws.  Too bad for him though, as you instantly melt his face with your gooey acid!\n\n\nYou fight through several more demons, taking a few burns and scrapes.  You even manage to leap on top of one and devour half their body before its friends rudely interrupt you.  How rude!\n\n\nKarstark himself comes rushing out of some part of the camp, wiping his ass with some Nuub's already shit ass story.  Karstark's eyes narrow as he sees you. \n\n\nHe draws his arm back, half his body twisting with it, and a huge ball of fire engulfs his hand.  Then another ball of fire in the other hand.\n\n\n\"I remember you!\" Karstark shouts, \"you've made a huge mistake!\"\n\n\nWith that, he whips his balls at you with such force that you don't have time to move your sack, and his balls collide with your sack.  You cry out in pain as you are burned away to ashes.\n\n\nHere ends the story of The Pie.", "action_results": []}]}, {"action": "Pipe", "result": "You decide to go up the pipe, to see where it will go.  After some time\u2026you finally see an opening!  Sliding closer and closer to it, you see the face of\u2026.Karstark himself!  He looks inside but does not seem to notice you. ", "action_results": [{"action": "Attack now", "result": "You lash forward, your tentacle jamming into his eye.  He howls in pain, and curses as he falls back.  You pull your tentacle back, revealing his eye ball on it.  It seems that you instinctively made the end of your tentacle sharp, must have just been on instinct.  Although, that will come in handy\u2026very soon.\n\n\nYou eat the eye of course, and feel slightly more powerful.  Angry shouts come from the hole above\u2026as well as a huge burst of fire!\n\n\nYou barely manage to slide down the tube and get out of the way in time, slightly being singed by the flames. \n\n\nShit, the whole camp will probably be on you soon.  You slither away into the depths of the shitty water\u2026you'll have to learn from this failure.  It will probably be a while before you can get to him again.  If ever, so who is next?", "action_results": [null]}, {"action": "Wait", "result": "You sit and wait, and sit and wait.  You wait and sit, and wait and sit, placing your bottom, whatever that could be for a pie, and contemplate the meaning and value of life, or is it all just meaningless?\n\n\nLuckily, you see the light at the end of the tunnel darken, before you have an existential crisis. \n\n\nWhat is that\u2026.Kar's ass?  Well, it ain't pretty but it has to be done\u2026\n\n\nYou sprout a new tentacle, this one with five little tendrils shooting off.  A hand to grab with, is a hand to fa- well you get the point.\n\n\nAs your target sits on the crapper, little did he know his day would only get crappier.  You shoot your hand up, two of your \"fingers\" blasting right into\u2026something, huh?  What is this? \n\n\nWell, you use this opportunity to drag your foe through the toilet.  Squeezing and grunting and pulling, your fingers and hand as a whole almost slip, but you grip further in and manage to destroy the hole, the toilet itself shatters and Karstark comes flopping down. \n\n\nAs you drag him, you twist and throw him onto the stone floor.  He looks in horror as he tries to pull his pants up, only to realize they fell off outside!\n\n\nNot feeling awkward at all, you slither towards him.\n\n\n\"I remember you..\" Karstark says.\n\n\n\"Well of course, it was what, this morning that you chopped me up and turned me into a pie?\" You ask.\n\n\nHe trembles as he shakes his head.\n\n\n\"That was months ago\u2026\" he says, \"how did\u2026how did?\"\n\n\n\"Months? Hah, you're a bad liar,\" you say.\n\n\nHe nods his head.\n\n\n\"It's been months, things have changed since then\u2026\"\n\n\nYou stare blankly\u2026months huh?\n\n\n\"Guess I'll have to make up for lost time\u2026\"\n\n\nKar raises his hands, but you snap your tentacles at him.  The attack makes his fire balls go off course, and you lay into him.  After a good thrashing, he lays on the stone floor, moaning and groaning.\n\n\nHe tries to stand and shamble away, but you crack your whip like tentacles at his knees, and he falls onto his knees.  Another hit and he falls face forward, still on his knees, but face forward.\n\n\n\"Please\u2026no\u2026\" Karstark says, \"I have a to write\u2026well I don't feel like writing, you'd probably be doing me a favor.\"\n\n\nYou lick your lips rapidly and viciously as you leap towards your prey.  Starting to eat at the first thing you see\u2026.", "action_results": [null]}]}]}]}]}]}]}]}]}]}, {"action": "Eat the Mushrooms", "result": "\"Fuck it,\" you shrug and take the glowing green mushroom.\n\n\nAs you lift it into your mouth, crunching down, the acidic taste filling your mouth.  You can almost see the glowing green shining from your mouth.  Steve and Malk do likewise, each ingesting two or three of them at a time.\n\n\nYour head swims and you feel woozy, but you feel\u2026.gooooood.\n\n\nSteve hands you another one, a gentle smile on his face.  You happily accept, feeling a rush of\u2026something flood up to your brain.  Steve stands up, and happily begins some kind of Irish jig.  You and Malk hop up and join arms with him.\n\n\nAs you do so Malk belts out some kind of song that does not fit\u2026but it sounds great so who cares!\n\n\nSteve takes Malk hand and spins him around before grabbing him by the waist and throwing him in the air.  You watch, mouth agape as the beautiful Canadian man before you spins and twirls in the air, revealing more than a sober you would have ever wanted to see below the tutu.\n\n\nMalk soars towards you, and you reach your arms out to catch him.  The crushing weight of this man bears down on you as you fail and he awkwardly lands on you and you come crashing to the ground.\n\n\nHe instantly rolls off of you and continues his awkward dancing.  You turn your head, and see the little makeshift dog house.  The dog thing has been unusually quiet, perhaps you should see what it\u2019s up to?", "action_results": [{"action": "Visit Corgi", "result": "You go and shamble your way over to the little dog house.  Corgi steps out and sits in the little door way.  He looks out into the darkness of the caves beyond.\n\n\nSoon\u2026.we will kill them all\u2026.soooon\u2026.\n\n\nYou gasp and stumble back in horror, the telepathetic corgi's left eye shifts over and stares at you.  A bright eye sparks from out of the void that is his pupil.\n\n\nGonna do a fancy magic on you! The voice rings out once again, accompanied by some crazed laughter.\n\n\nYou've learned High as Kite!\n\n\nYou drool a bit as you try to contemplate what that means, but before you can ask the dog slowly recedes back into the dog house, the last you see of him is his perpetually hanging tongue.\n\n\nYou turn, to see Steve shifting and morphing, his face becoming scaly and large fangs protruding from his mouth.  Some slimy worm thingy bores into his skull, and he screams in pain as it finishes burrowing in.  Steve writhes and convulses as before laying still.\n\n\nMalk screams and morphs as his body elongates, and white fur starts to grow all over him, his ears flopping down and his eyes becoming much wider like a down syndrome puppy.\n\n\nThis new being laughs contentedly, smiling and extends a large paw over to you.\n\n\n\"Come with me child,\" he says, \"we shall go on a magical adventure.\"\n\n\n\"Uhh, what about Steve?\"\n\n\n\"I think he is dead or something,\" Malk says, \"we'll find out if he has started to rot when we get back.\"\n\n\n\"Malk I don't know-\"\n\n\n\"Please\u2026call me Malkor,\" he says, \"the Malk you know has ascended to a higher plane of existence.\"\n\n\n\"Okay.\"\n\n\nYou grab his paw and he lifts you onto his back.  Malkor takes off with a mighty swoosh, flying out of the large cave opening. \n\n\nClutching onto the fur of your new found friend, you watch as the Villain Castle slowly disappears along with the storm.  Ahead of you lies clear and sunny skies, warm winds, and great adventures ahead. \n\n\nAs Malkor flies off into the sunny mountains, all the little bunny village people smile and wave, and you wave back.\n\n\nMalkor turns his long neck and smiles as he looks at you.\n\n\n\"I love you, my new friend,\" Malkor says.", "action_results": [{"action": "\"I don't think you're real\"", "result": "\"What? What?\" Malkor says as his face is stricken with horror, and sadness.\n\n\n\"I\u2026I-\" Malkor stops and blood drips from his mouth.\n\n\nHis face rapidly starts to deteriorate and the fur falls off in patches, gargling he tries to speak but flesh and eyes rot away before your very eyes.  The pure white skull, its empty eyes glare at you accusingly.  You cry out in horror\u2026but soon fall to your doom, the skies darken and the dark waters overtake the land as you fall, and keep falling and falling\u2026", "action_results": []}, {"action": "\"I love you too\"", "result": "Malkor smiles and you pat his fur.  The birds sing a song, and you and he follow along, the language  becoming clearer and clearer to you the further you fly.  Happiness and fulfillment fill you, as who you were slowly begins to fade.\n\n\nThe new you takes on shape and form, and while you're never to be seen again in the land of Cystia, you have many grand adventures with your new found friend.", "action_results": []}]}, {"action": "Meh", "result": "Steve kneels down and picks up one of the red glowing plants.\n\n\n\"Never tried this before,\" Steve says, \"not really sure-\"\n\n\n\"Bah! Nonsense!\" Malk says, \"man, I could really go for some pie right now.\"\n\n\n\"Ughh,\" Steve's face coils up into disgust.\n\n\n\"I absolutely hate pie,\" Steve says.\n\n\n\"Eh, you can help me make it then,\" Malk says.\n\n\nSteve shrugs as he and Malk begin to crush up parts of the red plant, and rolling it up in some leaves.  After lighting it up using the camp fire, they smoke the crap out of that thing.  They're eyes becoming red as smoke fills the immediate area.\n\n\nAfter some time you start to feel a bit woozy\u2026too much smoke around you.  As you sit, Malk giggles and points at you.  Steve laughs his ass off and almost falls out of the log bench.\n\n\n\"Man, I hate pie,\" Steve says, \"but I sure could use some.\"\n\n\n\"Haha fuck, fuck, fuck fuck!\" Malk screams, \"I have a great fucking idea!\"\n\n\nBefore anyone can say anything, Malk leaps up and grabs you by the collar.  His eyes start to glow red like the red plant, and so do Steve's eyes. Both giggling they drag you up the cave, even while you kick and protest.\n\n\n\"Man, this will be so funny,\" Malk says, \"hah\u2026fuck\u2026best joke ever\u2026\"\n\n\nYou sputter up some green glowing liquid as you are taken up the steps\u2026", "action_results": [null]}]}]}]}]}]}]}, {"action": "Workshop", "result": "As you walk down the dirt streets of Cystia, scrubs and peasants pass you by.  Beggars hold out mugs looking for a free point.  Some are willing to give\u2026some are not.\n\n\nUp ahead is a large stone building, and within it are forges, vices, tongs, anvils, hammers, bellows, and axes.  There are various projects that are near or completely finished.  The sound of iron on iron berates your ears.\n\n\nAs you turn you see a large, muscular man working at the forge.  Covered in dirt, sweat, soot, and coal.  His messy hair falling down to his shoulders, and his large and outgrown beard sporting two streaks of white hair along it. \n\n\nHe sets the hammer down and glances up at you before going and wiping his face with a rag.\n\n\n\"Ford?\" he asks.\n\n\n\"IAP,\" you say. \n\n\n\"Need something?\"\n\n\n\"Do you have any magic crystals?\"\n\n\nIAP chuckles and waves his arm around the shop.\n\n\n\"Don't have anything to do with magic over here, try the emporium or something.\"\n\n\n\"Thanks,\" you say as you take your leave.\n\n\nIAP nods and gets back to his work.  Seems he didn't have any magic crystals, that should have been obvious.  You suppose you'll just have to look somewhere else.\n\n\nAs you step out of the shop, three large furry looking\u2026.things saunter towards the shop.  They are tall, with shaggy brown fur, and rounded ears.  Their faces are humanoid but somewhat bulge out into a snout.  They don't look to happy either.\n\n\nTheir apparent leader kicks down the door to IAP's shop, unfurling a two headed axe from a rolled up skin pack.  The three beast people enter, and the sound of IAP's metal works stop.  From where you are standing you can hear the muffled, garbled voices of the beast people. \n\n\nWell, he is probably screwed.", "action_results": [null]}]}]}]}